stage,impl,context,sample,batch_ns,batch_count
T1,engine,,0,4131200,1000
T1,engine,,1,3784800,1000
T1,engine,,2,3818600,1000
T1,engine,,3,4355000,1000
T1,engine,,4,3950000,1000
T1,engine,,5,3759300,1000
T1,engine,,6,3972100,1000
T1,engine,,7,4040700,1000
T1,engine,,8,3822900,1000
T1,engine,,9,3840000,1000
T1,engine,,10,3923500,1000
T1,engine,,11,4053400,1000
T1,engine,,12,3731200,1000
T1,engine,,13,3803100,1000
T1,engine,,14,3730300,1000
T1,engine,,15,4024300,1000
T1,engine,,16,3931400,1000
T1,engine,,17,4008800,1000
T1,engine,,18,3930900,1000
T1,engine,,19,4054000,1000
T1,engine,,20,4160900,1000
T1,engine,,21,4133300,1000
T1,engine,,22,4127000,1000
T1,engine,,23,4259100,1000
T1,engine,,24,3979600,1000
T1,engine,,25,3829100,1000
T1,engine,,26,3854000,1000
T1,engine,,27,4477300,1000
T1,engine,,28,4102200,1000
T1,engine,,29,4198900,1000
T1,engine,,30,4111700,1000
T1,engine,,31,4533300,1000
T1,engine,,32,4222100,1000
T1,engine,,33,3861400,1000
T1,engine,,34,4554800,1000
T1,engine,,35,4489400,1000
T1,engine,,36,4214800,1000
T1,engine,,37,4006400,1000
T1,engine,,38,4070000,1000
T1,engine,,39,4283300,1000
T1,engine,,40,3871500,1000
T1,engine,,41,4099800,1000
T1,engine,,42,5111800,1000
T1,engine,,43,4229500,1000
T1,engine,,44,3894600,1000
T1,engine,,45,4049200,1000
T1,engine,,46,4216900,1000
T1,engine,,47,3948800,1000
T1,engine,,48,3873600,1000
T1,engine,,49,3852100,1000
T1,engine,,50,4066800,1000
T1,engine,,51,3768400,1000
T1,engine,,52,3752000,1000
T1,engine,,53,3780200,1000
T1,engine,,54,4014200,1000
T1,engine,,55,3888900,1000
T1,engine,,56,3832300,1000
T1,engine,,57,3786100,1000
T1,engine,,58,4081200,1000
T1,engine,,59,3930400,1000
T1,engine,,60,3857600,1000
T1,engine,,61,3876400,1000
T1,engine,,62,4002800,1000
T1,engine,,63,3802900,1000
T1,engine,,64,3861500,1000
T1,engine,,65,3840000,1000
T1,engine,,66,3851800,1000
T1,engine,,67,4963800,1000
T1,engine,,68,3789500,1000
T1,engine,,69,4034800,1000
T1,engine,,70,4073800,1000
T1,engine,,71,3915000,1000
T1,engine,,72,3826300,1000
T1,engine,,73,3869400,1000
T1,engine,,74,3929000,1000
T1,engine,,75,4404500,1000
T1,engine,,76,3859100,1000
T1,engine,,77,4242800,1000
T1,engine,,78,4019600,1000
T1,engine,,79,3989300,1000
T1,engine,,80,3980300,1000
T1,engine,,81,4055200,1000
T1,engine,,82,3878100,1000
T1,engine,,83,4115900,1000
T1,engine,,84,3876700,1000
T1,engine,,85,4104300,1000
T1,engine,,86,4717400,1000
T1,engine,,87,4448200,1000
T1,engine,,88,4379500,1000
T1,engine,,89,3973200,1000
T1,engine,,90,4689700,1000
T1,engine,,91,3860800,1000
T1,engine,,92,3912000,1000
T1,engine,,93,4102500,1000
T1,engine,,94,3984900,1000
T1,engine,,95,3971800,1000
T1,engine,,96,3939400,1000
T1,engine,,97,3914800,1000
T1,engine,,98,3910900,1000
T1,engine,,99,3742000,1000
T1,monolithic,,0,3700,1000
T1,monolithic,,1,3700,1000
T1,monolithic,,2,3700,1000
T1,monolithic,,3,3700,1000
T1,monolithic,,4,3600,1000
T1,monolithic,,5,3700,1000
T1,monolithic,,6,3600,1000
T1,monolithic,,7,3100,1000
T1,monolithic,,8,3100,1000
T1,monolithic,,9,3100,1000
T1,monolithic,,10,3100,1000
T1,monolithic,,11,3100,1000
T1,monolithic,,12,3100,1000
T1,monolithic,,13,3100,1000
T1,monolithic,,14,3000,1000
T1,monolithic,,15,3100,1000
T1,monolithic,,16,3000,1000
T1,monolithic,,17,3100,1000
T1,monolithic,,18,3100,1000
T1,monolithic,,19,3100,1000
T1,monolithic,,20,3100,1000
T1,monolithic,,21,3100,1000
T1,monolithic,,22,3100,1000
T1,monolithic,,23,3100,1000
T1,monolithic,,24,3100,1000
T1,monolithic,,25,3100,1000
T1,monolithic,,26,3100,1000
T1,monolithic,,27,3100,1000
T1,monolithic,,28,3100,1000
T1,monolithic,,29,3100,1000
T1,monolithic,,30,3000,1000
T1,monolithic,,31,3100,1000
T1,monolithic,,32,3100,1000
T1,monolithic,,33,3100,1000
T1,monolithic,,34,3200,1000
T1,monolithic,,35,3100,1000
T1,monolithic,,36,3100,1000
T1,monolithic,,37,3000,1000
T1,monolithic,,38,3100,1000
T1,monolithic,,39,3100,1000
T1,monolithic,,40,3000,1000
T1,monolithic,,41,3100,1000
T1,monolithic,,42,3100,1000
T1,monolithic,,43,3100,1000
T1,monolithic,,44,3100,1000
T1,monolithic,,45,3000,1000
T1,monolithic,,46,3100,1000
T1,monolithic,,47,3100,1000
T1,monolithic,,48,3100,1000
T1,monolithic,,49,3100,1000
T1,monolithic,,50,3100,1000
T1,monolithic,,51,3100,1000
T1,monolithic,,52,3100,1000
T1,monolithic,,53,3100,1000
T1,monolithic,,54,3000,1000
T1,monolithic,,55,3000,1000
T1,monolithic,,56,3000,1000
T1,monolithic,,57,3000,1000
T1,monolithic,,58,3000,1000
T1,monolithic,,59,3000,1000
T1,monolithic,,60,3000,1000
T1,monolithic,,61,3100,1000
T1,monolithic,,62,3100,1000
T1,monolithic,,63,3100,1000
T1,monolithic,,64,3000,1000
T1,monolithic,,65,3000,1000
T1,monolithic,,66,3000,1000
T1,monolithic,,67,3000,1000
T1,monolithic,,68,3000,1000
T1,monolithic,,69,3000,1000
T1,monolithic,,70,3000,1000
T1,monolithic,,71,3000,1000
T1,monolithic,,72,3000,1000
T1,monolithic,,73,3100,1000
T1,monolithic,,74,5000,1000
T1,monolithic,,75,3100,1000
T1,monolithic,,76,3100,1000
T1,monolithic,,77,3100,1000
T1,monolithic,,78,3100,1000
T1,monolithic,,79,3100,1000
T1,monolithic,,80,3000,1000
T1,monolithic,,81,3100,1000
T1,monolithic,,82,3100,1000
T1,monolithic,,83,3000,1000
T1,monolithic,,84,3100,1000
T1,monolithic,,85,3000,1000
T1,monolithic,,86,3100,1000
T1,monolithic,,87,3000,1000
T1,monolithic,,88,3100,1000
T1,monolithic,,89,3100,1000
T1,monolithic,,90,3000,1000
T1,monolithic,,91,3100,1000
T1,monolithic,,92,3000,1000
T1,monolithic,,93,3000,1000
T1,monolithic,,94,3100,1000
T1,monolithic,,95,3000,1000
T1,monolithic,,96,3100,1000
T1,monolithic,,97,3000,1000
T1,monolithic,,98,3000,1000
T1,monolithic,,99,3100,1000
T2,engine,,0,2638600,1000
T2,engine,,1,2442800,1000
T2,engine,,2,2275500,1000
T2,engine,,3,2643000,1000
T2,engine,,4,2358100,1000
T2,engine,,5,2495500,1000
T2,engine,,6,2264700,1000
T2,engine,,7,2593500,1000
T2,engine,,8,2358800,1000
T2,engine,,9,2496900,1000
T2,engine,,10,2331400,1000
T2,engine,,11,2548400,1000
T2,engine,,12,2594200,1000
T2,engine,,13,2588100,1000
T2,engine,,14,2671200,1000
T2,engine,,15,2484100,1000
T2,engine,,16,2609600,1000
T2,engine,,17,2330800,1000
T2,engine,,18,2558700,1000
T2,engine,,19,2360900,1000
T2,engine,,20,2551000,1000
T2,engine,,21,2344400,1000
T2,engine,,22,2487000,1000
T2,engine,,23,2431400,1000
T2,engine,,24,2742700,1000
T2,engine,,25,2498800,1000
T2,engine,,26,2686700,1000
T2,engine,,27,2478900,1000
T2,engine,,28,2671400,1000
T2,engine,,29,2377600,1000
T2,engine,,30,2668700,1000
T2,engine,,31,2573800,1000
T2,engine,,32,2417400,1000
T2,engine,,33,2822200,1000
T2,engine,,34,2298100,1000
T2,engine,,35,2679700,1000
T2,engine,,36,2313400,1000
T2,engine,,37,2703900,1000
T2,engine,,38,2558200,1000
T2,engine,,39,2700200,1000
T2,engine,,40,2406500,1000
T2,engine,,41,2697600,1000
T2,engine,,42,3563500,1000
T2,engine,,43,2891300,1000
T2,engine,,44,2692100,1000
T2,engine,,45,2433800,1000
T2,engine,,46,2637900,1000
T2,engine,,47,2301600,1000
T2,engine,,48,2738700,1000
T2,engine,,49,2527100,1000
T2,engine,,50,2841200,1000
T2,engine,,51,2430400,1000
T2,engine,,52,2687700,1000
T2,engine,,53,2764000,1000
T2,engine,,54,2562800,1000
T2,engine,,55,2599900,1000
T2,engine,,56,2566600,1000
T2,engine,,57,2593900,1000
T2,engine,,58,2420200,1000
T2,engine,,59,2580500,1000
T2,engine,,60,2477900,1000
T2,engine,,61,2599000,1000
T2,engine,,62,2405000,1000
T2,engine,,63,2614500,1000
T2,engine,,64,2340900,1000
T2,engine,,65,2591300,1000
T2,engine,,66,2338900,1000
T2,engine,,67,2598200,1000
T2,engine,,68,2273100,1000
T2,engine,,69,2628500,1000
T2,engine,,70,2327100,1000
T2,engine,,71,2445800,1000
T2,engine,,72,2304600,1000
T2,engine,,73,2569900,1000
T2,engine,,74,2304400,1000
T2,engine,,75,2489900,1000
T2,engine,,76,2471800,1000
T2,engine,,77,2493800,1000
T2,engine,,78,2363100,1000
T2,engine,,79,2463100,1000
T2,engine,,80,2527400,1000
T2,engine,,81,2491900,1000
T2,engine,,82,2355800,1000
T2,engine,,83,2596300,1000
T2,engine,,84,2526200,1000
T2,engine,,85,2533400,1000
T2,engine,,86,2305400,1000
T2,engine,,87,2492500,1000
T2,engine,,88,2329300,1000
T2,engine,,89,2662200,1000
T2,engine,,90,2374700,1000
T2,engine,,91,2567700,1000
T2,engine,,92,2461200,1000
T2,engine,,93,2684900,1000
T2,engine,,94,2472200,1000
T2,engine,,95,3001800,1000
T2,engine,,96,2853900,1000
T2,engine,,97,2456400,1000
T2,engine,,98,2577500,1000
T2,engine,,99,2511600,1000
T2,monolithic,,0,30000,1000
T2,monolithic,,1,27600,1000
T2,monolithic,,2,29900,1000
T2,monolithic,,3,27700,1000
T2,monolithic,,4,34000,1000
T2,monolithic,,5,27200,1000
T2,monolithic,,6,29100,1000
T2,monolithic,,7,27200,1000
T2,monolithic,,8,27400,1000
T2,monolithic,,9,28600,1000
T2,monolithic,,10,28300,1000
T2,monolithic,,11,79300,1000
T2,monolithic,,12,106700,1000
T2,monolithic,,13,66200,1000
T2,monolithic,,14,39300,1000
T2,monolithic,,15,39400,1000
T2,monolithic,,16,29400,1000
T2,monolithic,,17,30800,1000
T2,monolithic,,18,28900,1000
T2,monolithic,,19,31300,1000
T2,monolithic,,20,29100,1000
T2,monolithic,,21,31100,1000
T2,monolithic,,22,33500,1000
T2,monolithic,,23,31200,1000
T2,monolithic,,24,31600,1000
T2,monolithic,,25,30000,1000
T2,monolithic,,26,93900,1000
T2,monolithic,,27,98800,1000
T2,monolithic,,28,37400,1000
T2,monolithic,,29,36600,1000
T2,monolithic,,30,43000,1000
T2,monolithic,,31,28400,1000
T2,monolithic,,32,30300,1000
T2,monolithic,,33,28100,1000
T2,monolithic,,34,27900,1000
T2,monolithic,,35,29500,1000
T2,monolithic,,36,28200,1000
T2,monolithic,,37,29400,1000
T2,monolithic,,38,27800,1000
T2,monolithic,,39,30100,1000
T2,monolithic,,40,27900,1000
T2,monolithic,,41,147200,1000
T2,monolithic,,42,82800,1000
T2,monolithic,,43,42600,1000
T2,monolithic,,44,42200,1000
T2,monolithic,,45,31100,1000
T2,monolithic,,46,28900,1000
T2,monolithic,,47,31100,1000
T2,monolithic,,48,29100,1000
T2,monolithic,,49,31100,1000
T2,monolithic,,50,29400,1000
T2,monolithic,,51,29600,1000
T2,monolithic,,52,31100,1000
T2,monolithic,,53,29700,1000
T2,monolithic,,54,31300,1000
T2,monolithic,,55,140300,1000
T2,monolithic,,56,89800,1000
T2,monolithic,,57,36000,1000
T2,monolithic,,58,36100,1000
T2,monolithic,,59,33300,1000
T2,monolithic,,60,28200,1000
T2,monolithic,,61,28200,1000
T2,monolithic,,62,29400,1000
T2,monolithic,,63,27800,1000
T2,monolithic,,64,29100,1000
T2,monolithic,,65,28000,1000
T2,monolithic,,66,28900,1000
T2,monolithic,,67,27500,1000
T2,monolithic,,68,29000,1000
T2,monolithic,,69,27900,1000
T2,monolithic,,70,127700,1000
T2,monolithic,,71,88200,1000
T2,monolithic,,72,36800,1000
T2,monolithic,,73,42600,1000
T2,monolithic,,74,53100,1000
T2,monolithic,,75,28500,1000
T2,monolithic,,76,30500,1000
T2,monolithic,,77,28400,1000
T2,monolithic,,78,30100,1000
T2,monolithic,,79,28000,1000
T2,monolithic,,80,30400,1000
T2,monolithic,,81,29200,1000
T2,monolithic,,82,30500,1000
T2,monolithic,,83,29000,1000
T2,monolithic,,84,29100,1000
T2,monolithic,,85,89700,1000
T2,monolithic,,86,97500,1000
T2,monolithic,,87,39100,1000
T2,monolithic,,88,41400,1000
T2,monolithic,,89,44600,1000
T2,monolithic,,90,33300,1000
T2,monolithic,,91,31200,1000
T2,monolithic,,92,31700,1000
T2,monolithic,,93,33100,1000
T2,monolithic,,94,31300,1000
T2,monolithic,,95,32000,1000
T2,monolithic,,96,29500,1000
T2,monolithic,,97,31200,1000
T2,monolithic,,98,29700,1000
T2,monolithic,,99,29900,1000
T3,engine,,0,5336500,1000
T3,engine,,1,5498600,1000
T3,engine,,2,5511600,1000
T3,engine,,3,5380100,1000
T3,engine,,4,5363900,1000
T3,engine,,5,5519200,1000
T3,engine,,6,5392600,1000
T3,engine,,7,5622100,1000
T3,engine,,8,5469200,1000
T3,engine,,9,6264200,1000
T3,engine,,10,6100000,1000
T3,engine,,11,5475400,1000
T3,engine,,12,9517300,1000
T3,engine,,13,6235200,1000
T3,engine,,14,5667300,1000
T3,engine,,15,5561500,1000
T3,engine,,16,5598800,1000
T3,engine,,17,5567600,1000
T3,engine,,18,5497400,1000
T3,engine,,19,5416600,1000
T3,engine,,20,5491600,1000
T3,engine,,21,5615400,1000
T3,engine,,22,5506500,1000
T3,engine,,23,5788700,1000
T3,engine,,24,6103000,1000
T3,engine,,25,5855400,1000
T3,engine,,26,5773900,1000
T3,engine,,27,5778900,1000
T3,engine,,28,5867600,1000
T3,engine,,29,5916900,1000
T3,engine,,30,5495300,1000
T3,engine,,31,5598300,1000
T3,engine,,32,5645700,1000
T3,engine,,33,6466500,1000
T3,engine,,34,7401300,1000
T3,engine,,35,6058200,1000
T3,engine,,36,5878300,1000
T3,engine,,37,5793100,1000
T3,engine,,38,5837500,1000
T3,engine,,39,5619300,1000
T3,engine,,40,5833200,1000
T3,engine,,41,5633500,1000
T3,engine,,42,5778200,1000
T3,engine,,43,5419000,1000
T3,engine,,44,5549600,1000
T3,engine,,45,5415500,1000
T3,engine,,46,6919100,1000
T3,engine,,47,5921200,1000
T3,engine,,48,5484000,1000
T3,engine,,49,5439100,1000
T3,engine,,50,5404200,1000
T3,engine,,51,5413000,1000
T3,engine,,52,5423700,1000
T3,engine,,53,5458900,1000
T3,engine,,54,5570900,1000
T3,engine,,55,5296300,1000
T3,engine,,56,5599600,1000
T3,engine,,57,5456500,1000
T3,engine,,58,5353600,1000
T3,engine,,59,5481900,1000
T3,engine,,60,5519200,1000
T3,engine,,61,5662300,1000
T3,engine,,62,5630200,1000
T3,engine,,63,5529800,1000
T3,engine,,64,5573700,1000
T3,engine,,65,5656200,1000
T3,engine,,66,5786400,1000
T3,engine,,67,5704300,1000
T3,engine,,68,5859900,1000
T3,engine,,69,5679300,1000
T3,engine,,70,5662100,1000
T3,engine,,71,5369100,1000
T3,engine,,72,5666600,1000
T3,engine,,73,5724000,1000
T3,engine,,74,5616200,1000
T3,engine,,75,5689800,1000
T3,engine,,76,5569500,1000
T3,engine,,77,5585100,1000
T3,engine,,78,5747800,1000
T3,engine,,79,6290600,1000
T3,engine,,80,5607200,1000
T3,engine,,81,5637200,1000
T3,engine,,82,5711200,1000
T3,engine,,83,5691200,1000
T3,engine,,84,5795200,1000
T3,engine,,85,5610800,1000
T3,engine,,86,5684700,1000
T3,engine,,87,5630200,1000
T3,engine,,88,5874200,1000
T3,engine,,89,5644200,1000
T3,engine,,90,5720100,1000
T3,engine,,91,5663100,1000
T3,engine,,92,5995600,1000
T3,engine,,93,5776100,1000
T3,engine,,94,5746700,1000
T3,engine,,95,5702200,1000
T3,engine,,96,5852300,1000
T3,engine,,97,5706700,1000
T3,engine,,98,5603700,1000
T3,engine,,99,5917300,1000
T3,monolithic,,0,51000,1000
T3,monolithic,,1,57400,1000
T3,monolithic,,2,55300,1000
T3,monolithic,,3,57400,1000
T3,monolithic,,4,52800,1000
T3,monolithic,,5,287800,1000
T3,monolithic,,6,49700,1000
T3,monolithic,,7,49100,1000
T3,monolithic,,8,57000,1000
T3,monolithic,,9,40800,1000
T3,monolithic,,10,53200,1000
T3,monolithic,,11,42500,1000
T3,monolithic,,12,49400,1000
T3,monolithic,,13,41300,1000
T3,monolithic,,14,41300,1000
T3,monolithic,,15,49600,1000
T3,monolithic,,16,43400,1000
T3,monolithic,,17,45400,1000
T3,monolithic,,18,40900,1000
T3,monolithic,,19,165900,1000
T3,monolithic,,20,145800,1000
T3,monolithic,,21,47600,1000
T3,monolithic,,22,53500,1000
T3,monolithic,,23,40900,1000
T3,monolithic,,24,42000,1000
T3,monolithic,,25,40600,1000
T3,monolithic,,26,40900,1000
T3,monolithic,,27,43400,1000
T3,monolithic,,28,46100,1000
T3,monolithic,,29,43900,1000
T3,monolithic,,30,40600,1000
T3,monolithic,,31,44900,1000
T3,monolithic,,32,41000,1000
T3,monolithic,,33,41700,1000
T3,monolithic,,34,128800,1000
T3,monolithic,,35,98900,1000
T3,monolithic,,36,50100,1000
T3,monolithic,,37,55300,1000
T3,monolithic,,38,87900,1000
T3,monolithic,,39,42800,1000
T3,monolithic,,40,40000,1000
T3,monolithic,,41,42200,1000
T3,monolithic,,42,39900,1000
T3,monolithic,,43,39900,1000
T3,monolithic,,44,41800,1000
T3,monolithic,,45,39700,1000
T3,monolithic,,46,41400,1000
T3,monolithic,,47,42800,1000
T3,monolithic,,48,41400,1000
T3,monolithic,,49,211600,1000
T3,monolithic,,50,49200,1000
T3,monolithic,,51,49100,1000
T3,monolithic,,52,41200,1000
T3,monolithic,,53,44700,1000
T3,monolithic,,54,38700,1000
T3,monolithic,,55,47500,1000
T3,monolithic,,56,40400,1000
T3,monolithic,,57,46200,1000
T3,monolithic,,58,38700,1000
T3,monolithic,,59,39500,1000
T3,monolithic,,60,45300,1000
T3,monolithic,,61,39600,1000
T3,monolithic,,62,46000,1000
T3,monolithic,,63,86100,1000
T3,monolithic,,64,253300,1000
T3,monolithic,,65,50100,1000
T3,monolithic,,66,52000,1000
T3,monolithic,,67,42500,1000
T3,monolithic,,68,41500,1000
T3,monolithic,,69,44100,1000
T3,monolithic,,70,41900,1000
T3,monolithic,,71,43900,1000
T3,monolithic,,72,42200,1000
T3,monolithic,,73,50400,1000
T3,monolithic,,74,43300,1000
T3,monolithic,,75,42400,1000
T3,monolithic,,76,49100,1000
T3,monolithic,,77,43000,1000
T3,monolithic,,78,115500,1000
T3,monolithic,,79,62300,1000
T3,monolithic,,80,202300,1000
T3,monolithic,,81,88600,1000
T3,monolithic,,82,78100,1000
T3,monolithic,,83,77800,1000
T3,monolithic,,84,55600,1000
T3,monolithic,,85,41200,1000
T3,monolithic,,86,38500,1000
T3,monolithic,,87,40600,1000
T3,monolithic,,88,38800,1000
T3,monolithic,,89,40400,1000
T3,monolithic,,90,38700,1000
T3,monolithic,,91,40200,1000
T3,monolithic,,92,42800,1000
T3,monolithic,,93,190500,1000
T3,monolithic,,94,51900,1000
T3,monolithic,,95,51700,1000
T3,monolithic,,96,44500,1000
T3,monolithic,,97,43400,1000
T3,monolithic,,98,42300,1000
T3,monolithic,,99,41000,1000
T3,statemachine,,0,41700,1000
T3,statemachine,,1,41700,1000
T3,statemachine,,2,43400,1000
T3,statemachine,,3,41600,1000
T3,statemachine,,4,43400,1000
T3,statemachine,,5,42000,1000
T3,statemachine,,6,51700,1000
T3,statemachine,,7,135100,1000
T3,statemachine,,8,151700,1000
T3,statemachine,,9,52100,1000
T3,statemachine,,10,86500,1000
T3,statemachine,,11,111500,1000
T3,statemachine,,12,80200,1000
T3,statemachine,,13,42500,1000
T3,statemachine,,14,40600,1000
T3,statemachine,,15,42400,1000
T3,statemachine,,16,40200,1000
T3,statemachine,,17,41400,1000
T3,statemachine,,18,40000,1000
T3,statemachine,,19,40000,1000
T3,statemachine,,20,41400,1000
T3,statemachine,,21,40200,1000
T3,statemachine,,22,144200,1000
T3,statemachine,,23,141900,1000
T3,statemachine,,24,51400,1000
T3,statemachine,,25,43000,1000
T3,statemachine,,26,53700,1000
T3,statemachine,,27,43200,1000
T3,statemachine,,28,70700,1000
T3,statemachine,,29,51800,1000
T3,statemachine,,30,48400,1000
T3,statemachine,,31,52600,1000
T3,statemachine,,32,47600,1000
T3,statemachine,,33,54900,1000
T3,statemachine,,34,52500,1000
T3,statemachine,,35,58500,1000
T3,statemachine,,36,51300,1000
T3,statemachine,,37,162800,1000
T3,statemachine,,38,79400,1000
T3,statemachine,,39,107200,1000
T3,statemachine,,40,64400,1000
T3,statemachine,,41,111300,1000
T3,statemachine,,42,87000,1000
T3,statemachine,,43,40000,1000
T3,statemachine,,44,40300,1000
T3,statemachine,,45,47200,1000
T3,statemachine,,46,40700,1000
T3,statemachine,,47,41600,1000
T3,statemachine,,48,39800,1000
T3,statemachine,,49,41500,1000
T3,statemachine,,50,39900,1000
T3,statemachine,,51,40100,1000
T3,statemachine,,52,123300,1000
T3,statemachine,,53,95100,1000
T3,statemachine,,54,65800,1000
T3,statemachine,,55,56500,1000
T3,statemachine,,56,45000,1000
T3,statemachine,,57,47700,1000
T3,statemachine,,58,46600,1000
T3,statemachine,,59,49200,1000
T3,statemachine,,60,57400,1000
T3,statemachine,,61,66200,1000
T3,statemachine,,62,49000,1000
T3,statemachine,,63,50700,1000
T3,statemachine,,64,52700,1000
T3,statemachine,,65,45200,1000
T3,statemachine,,66,47000,1000
T3,statemachine,,67,206500,1000
T3,statemachine,,68,124800,1000
T3,statemachine,,69,52600,1000
T3,statemachine,,70,49800,1000
T3,statemachine,,71,40900,1000
T3,statemachine,,72,41400,1000
T3,statemachine,,73,41300,1000
T3,statemachine,,74,43500,1000
T3,statemachine,,75,40800,1000
T3,statemachine,,76,41000,1000
T3,statemachine,,77,54500,1000
T3,statemachine,,78,40200,1000
T3,statemachine,,79,42200,1000
T3,statemachine,,80,41000,1000
T3,statemachine,,81,106000,1000
T3,statemachine,,82,53600,1000
T3,statemachine,,83,147300,1000
T3,statemachine,,84,49500,1000
T3,statemachine,,85,104200,1000
T3,statemachine,,86,86300,1000
T3,statemachine,,87,44400,1000
T3,statemachine,,88,42800,1000
T3,statemachine,,89,40000,1000
T3,statemachine,,90,42300,1000
T3,statemachine,,91,40000,1000
T3,statemachine,,92,42000,1000
T3,statemachine,,93,39900,1000
T3,statemachine,,94,40200,1000
T3,statemachine,,95,54800,1000
T3,statemachine,,96,230600,1000
T3,statemachine,,97,50700,1000
T3,statemachine,,98,47100,1000
T3,statemachine,,99,43500,1000
T5,engine,,0,2645100,1000
T5,engine,,1,3301200,1000
T5,engine,,2,2856900,1000
T5,engine,,3,2908200,1000
T5,engine,,4,2938500,1000
T5,engine,,5,2727200,1000
T5,engine,,6,2905600,1000
T5,engine,,7,2913400,1000
T5,engine,,8,2798400,1000
T5,engine,,9,2552600,1000
T5,engine,,10,2900300,1000
T5,engine,,11,3017300,1000
T5,engine,,12,2859800,1000
T5,engine,,13,2636700,1000
T5,engine,,14,3728500,1000
T5,engine,,15,2957500,1000
T5,engine,,16,2850500,1000
T5,engine,,17,3440800,1000
T5,engine,,18,2925300,1000
T5,engine,,19,2746100,1000
T5,engine,,20,2943200,1000
T5,engine,,21,3016300,1000
T5,engine,,22,2830700,1000
T5,engine,,23,2715900,1000
T5,engine,,24,2987500,1000
T5,engine,,25,2905700,1000
T5,engine,,26,2909300,1000
T5,engine,,27,2960000,1000
T5,engine,,28,2868500,1000
T5,engine,,29,2820500,1000
T5,engine,,30,2730000,1000
T5,engine,,31,2910100,1000
T5,engine,,32,3213600,1000
T5,engine,,33,2603200,1000
T5,engine,,34,2826400,1000
T5,engine,,35,2908200,1000
T5,engine,,36,2905300,1000
T5,engine,,37,2628500,1000
T5,engine,,38,3076200,1000
T5,engine,,39,2851000,1000
T5,engine,,40,2559800,1000
T5,engine,,41,2767100,1000
T5,engine,,42,2745000,1000
T5,engine,,43,2940600,1000
T5,engine,,44,2741600,1000
T5,engine,,45,2730800,1000
T5,engine,,46,2718400,1000
T5,engine,,47,2637100,1000
T5,engine,,48,2839800,1000
T5,engine,,49,2786100,1000
T5,engine,,50,2574400,1000
T5,engine,,51,2780200,1000
T5,engine,,52,2916000,1000
T5,engine,,53,2703200,1000
T5,engine,,54,2586900,1000
T5,engine,,55,2842500,1000
T5,engine,,56,2680100,1000
T5,engine,,57,2491200,1000
T5,engine,,58,2864200,1000
T5,engine,,59,2694200,1000
T5,engine,,60,2935400,1000
T5,engine,,61,2742400,1000
T5,engine,,62,2564300,1000
T5,engine,,63,2866800,1000
T5,engine,,64,2752300,1000
T5,engine,,65,2619600,1000
T5,engine,,66,2821400,1000
T5,engine,,67,2665400,1000
T5,engine,,68,2709300,1000
T5,engine,,69,2515500,1000
T5,engine,,70,2727800,1000
T5,engine,,71,2775800,1000
T5,engine,,72,2581100,1000
T5,engine,,73,2760200,1000
T5,engine,,74,3287900,1000
T5,engine,,75,2925700,1000
T5,engine,,76,2735500,1000
T5,engine,,77,2968300,1000
T5,engine,,78,2862900,1000
T5,engine,,79,2505300,1000
T5,engine,,80,2707800,1000
T5,engine,,81,2750200,1000
T5,engine,,82,2812500,1000
T5,engine,,83,2557100,1000
T5,engine,,84,2789200,1000
T5,engine,,85,2775500,1000
T5,engine,,86,2471000,1000
T5,engine,,87,2739900,1000
T5,engine,,88,2765000,1000
T5,engine,,89,2799600,1000
T5,engine,,90,2491800,1000
T5,engine,,91,2806600,1000
T5,engine,,92,2746100,1000
T5,engine,,93,2531000,1000
T5,engine,,94,2732700,1000
T5,engine,,95,2835700,1000
T5,engine,,96,2698700,1000
T5,engine,,97,2519500,1000
T5,engine,,98,2722800,1000
T5,engine,,99,2783900,1000
T5,monolithic,,0,30200,1000
T5,monolithic,,1,39400,1000
T5,monolithic,,2,30800,1000
T5,monolithic,,3,30800,1000
T5,monolithic,,4,38900,1000
T5,monolithic,,5,30200,1000
T5,monolithic,,6,37200,1000
T5,monolithic,,7,30500,1000
T5,monolithic,,8,37400,1000
T5,monolithic,,9,30800,1000
T5,monolithic,,10,42500,1000
T5,monolithic,,11,162600,1000
T5,monolithic,,12,72400,1000
T5,monolithic,,13,78200,1000
T5,monolithic,,14,33900,1000
T5,monolithic,,15,31100,1000
T5,monolithic,,16,42300,1000
T5,monolithic,,17,32400,1000
T5,monolithic,,18,33400,1000
T5,monolithic,,19,31500,1000
T5,monolithic,,20,33300,1000
T5,monolithic,,21,31200,1000
T5,monolithic,,22,32800,1000
T5,monolithic,,23,30700,1000
T5,monolithic,,24,32400,1000
T5,monolithic,,25,30800,1000
T5,monolithic,,26,121900,1000
T5,monolithic,,27,110600,1000
T5,monolithic,,28,39300,1000
T5,monolithic,,29,43500,1000
T5,monolithic,,30,66900,1000
T5,monolithic,,31,45200,1000
T5,monolithic,,32,34200,1000
T5,monolithic,,33,30200,1000
T5,monolithic,,34,31400,1000
T5,monolithic,,35,29800,1000
T5,monolithic,,36,31500,1000
T5,monolithic,,37,29800,1000
T5,monolithic,,38,31700,1000
T5,monolithic,,39,29500,1000
T5,monolithic,,40,29800,1000
T5,monolithic,,41,161700,1000
T5,monolithic,,42,38300,1000
T5,monolithic,,43,38000,1000
T5,monolithic,,44,35700,1000
T5,monolithic,,45,30200,1000
T5,monolithic,,46,30000,1000
T5,monolithic,,47,30300,1000
T5,monolithic,,48,31800,1000
T5,monolithic,,49,29900,1000
T5,monolithic,,50,29700,1000
T5,monolithic,,51,31700,1000
T5,monolithic,,52,29700,1000
T5,monolithic,,53,34400,1000
T5,monolithic,,54,31300,1000
T5,monolithic,,55,33900,1000
T5,monolithic,,56,29600,1000
T5,monolithic,,57,134300,1000
T5,monolithic,,58,65200,1000
T5,monolithic,,59,42300,1000
T5,monolithic,,60,56100,1000
T5,monolithic,,61,30100,1000
T5,monolithic,,62,30900,1000
T5,monolithic,,63,32700,1000
T5,monolithic,,64,29900,1000
T5,monolithic,,65,30200,1000
T5,monolithic,,66,32000,1000
T5,monolithic,,67,30300,1000
T5,monolithic,,68,32000,1000
T5,monolithic,,69,29500,1000
T5,monolithic,,70,31800,1000
T5,monolithic,,71,30200,1000
T5,monolithic,,72,95500,1000
T5,monolithic,,73,91300,1000
T5,monolithic,,74,43500,1000
T5,monolithic,,75,45900,1000
T5,monolithic,,76,30800,1000
T5,monolithic,,77,30900,1000
T5,monolithic,,78,38500,1000
T5,monolithic,,79,43900,1000
T5,monolithic,,80,46700,1000
T5,monolithic,,81,47800,1000
T5,monolithic,,82,51500,1000
T5,monolithic,,83,49500,1000
T5,monolithic,,84,55800,1000
T5,monolithic,,85,51900,1000
T5,monolithic,,86,51300,1000
T5,monolithic,,87,139700,1000
T5,monolithic,,88,101300,1000
T5,monolithic,,89,38800,1000
T5,monolithic,,90,43900,1000
T5,monolithic,,91,33400,1000
T5,monolithic,,92,30800,1000
T5,monolithic,,93,31000,1000
T5,monolithic,,94,32800,1000
T5,monolithic,,95,30900,1000
T5,monolithic,,96,32500,1000
T5,monolithic,,97,30700,1000
T5,monolithic,,98,32600,1000
T5,monolithic,,99,30500,1000
T4,engine,tracks=100,0,1956700,1000
T4,engine,tracks=100,1,1766300,1000
T4,engine,tracks=100,2,1895500,1000
T4,engine,tracks=100,3,2136300,1000
T4,engine,tracks=100,4,1995000,1000
T4,engine,tracks=100,5,2083500,1000
T4,engine,tracks=100,6,1906400,1000
T4,engine,tracks=100,7,1719600,1000
T4,engine,tracks=100,8,1906900,1000
T4,engine,tracks=100,9,1950400,1000
T4,engine,tracks=100,10,1989000,1000
T4,engine,tracks=100,11,1895500,1000
T4,engine,tracks=100,12,1739200,1000
T4,engine,tracks=100,13,2000600,1000
T4,engine,tracks=100,14,1979000,1000
T4,engine,tracks=100,15,2068400,1000
T4,engine,tracks=100,16,1943600,1000
T4,engine,tracks=100,17,2234900,1000
T4,engine,tracks=100,18,1878900,1000
T4,engine,tracks=100,19,1923600,1000
T4,engine,tracks=100,20,1915900,1000
T4,engine,tracks=100,21,2115400,1000
T4,engine,tracks=100,22,1978000,1000
T4,engine,tracks=100,23,1710700,1000
T4,engine,tracks=100,24,1965300,1000
T4,engine,tracks=100,25,2005400,1000
T4,engine,tracks=100,26,1986700,1000
T4,engine,tracks=100,27,1979200,1000
T4,engine,tracks=100,28,1796200,1000
T4,engine,tracks=100,29,1926100,1000
T4,engine,tracks=100,30,1967800,1000
T4,engine,tracks=100,31,1986600,1000
T4,engine,tracks=100,32,1969700,1000
T4,engine,tracks=100,33,1773000,1000
T4,engine,tracks=100,34,1907200,1000
T4,engine,tracks=100,35,2065400,1000
T4,engine,tracks=100,36,1911600,1000
T4,engine,tracks=100,37,1932800,1000
T4,engine,tracks=100,38,1790700,1000
T4,engine,tracks=100,39,1890100,1000
T4,engine,tracks=100,40,2050500,1000
T4,engine,tracks=100,41,2046200,1000
T4,engine,tracks=100,42,1915900,1000
T4,engine,tracks=100,43,1708800,1000
T4,engine,tracks=100,44,1982300,1000
T4,engine,tracks=100,45,2096000,1000
T4,engine,tracks=100,46,2010100,1000
T4,engine,tracks=100,47,1948800,1000
T4,engine,tracks=100,48,1778800,1000
T4,engine,tracks=100,49,2052300,1000
T4,engine,tracks=100,50,2399900,1000
T4,engine,tracks=100,51,2059100,1000
T4,engine,tracks=100,52,2029000,1000
T4,engine,tracks=100,53,2169000,1000
T4,engine,tracks=100,54,1861800,1000
T4,engine,tracks=100,55,2023600,1000
T4,engine,tracks=100,56,2025800,1000
T4,engine,tracks=100,57,1950000,1000
T4,engine,tracks=100,58,2049800,1000
T4,engine,tracks=100,59,1912400,1000
T4,engine,tracks=100,60,1972700,1000
T4,engine,tracks=100,61,1733200,1000
T4,engine,tracks=100,62,1901900,1000
T4,engine,tracks=100,63,2131300,1000
T4,engine,tracks=100,64,1998400,1000
T4,engine,tracks=100,65,1926000,1000
T4,engine,tracks=100,66,1932700,1000
T4,engine,tracks=100,67,1821600,1000
T4,engine,tracks=100,68,1989300,1000
T4,engine,tracks=100,69,2118100,1000
T4,engine,tracks=100,70,1937300,1000
T4,engine,tracks=100,71,2009600,1000
T4,engine,tracks=100,72,1752400,1000
T4,engine,tracks=100,73,2023200,1000
T4,engine,tracks=100,74,1923000,1000
T4,engine,tracks=100,75,1994200,1000
T4,engine,tracks=100,76,2008000,1000
T4,engine,tracks=100,77,1782400,1000
T4,engine,tracks=100,78,2056600,1000
T4,engine,tracks=100,79,2026400,1000
T4,engine,tracks=100,80,2002100,1000
T4,engine,tracks=100,81,1959300,1000
T4,engine,tracks=100,82,1837300,1000
T4,engine,tracks=100,83,2075100,1000
T4,engine,tracks=100,84,1958700,1000
T4,engine,tracks=100,85,2132600,1000
T4,engine,tracks=100,86,2029000,1000
T4,engine,tracks=100,87,1878900,1000
T4,engine,tracks=100,88,1874200,1000
T4,engine,tracks=100,89,1970800,1000
T4,engine,tracks=100,90,2037700,1000
T4,engine,tracks=100,91,1952600,1000
T4,engine,tracks=100,92,1721900,1000
T4,engine,tracks=100,93,1954600,1000
T4,engine,tracks=100,94,2090500,1000
T4,engine,tracks=100,95,2041500,1000
T4,engine,tracks=100,96,2036500,1000
T4,engine,tracks=100,97,1792400,1000
T4,engine,tracks=100,98,2096600,1000
T4,engine,tracks=100,99,2020600,1000
T4,monolithic,tracks=100,0,381300,1000
T4,monolithic,tracks=100,1,360700,1000
T4,monolithic,tracks=100,2,362600,1000
T4,monolithic,tracks=100,3,358900,1000
T4,monolithic,tracks=100,4,360800,1000
T4,monolithic,tracks=100,5,389900,1000
T4,monolithic,tracks=100,6,381600,1000
T4,monolithic,tracks=100,7,375000,1000
T4,monolithic,tracks=100,8,360400,1000
T4,monolithic,tracks=100,9,358200,1000
T4,monolithic,tracks=100,10,409800,1000
T4,monolithic,tracks=100,11,364900,1000
T4,monolithic,tracks=100,12,361900,1000
T4,monolithic,tracks=100,13,366300,1000
T4,monolithic,tracks=100,14,364900,1000
T4,monolithic,tracks=100,15,363000,1000
T4,monolithic,tracks=100,16,361200,1000
T4,monolithic,tracks=100,17,358600,1000
T4,monolithic,tracks=100,18,360400,1000
T4,monolithic,tracks=100,19,359800,1000
T4,monolithic,tracks=100,20,357800,1000
T4,monolithic,tracks=100,21,358800,1000
T4,monolithic,tracks=100,22,359900,1000
T4,monolithic,tracks=100,23,357600,1000
T4,monolithic,tracks=100,24,359500,1000
T4,monolithic,tracks=100,25,361300,1000
T4,monolithic,tracks=100,26,359900,1000
T4,monolithic,tracks=100,27,356600,1000
T4,monolithic,tracks=100,28,360000,1000
T4,monolithic,tracks=100,29,453600,1000
T4,monolithic,tracks=100,30,368300,1000
T4,monolithic,tracks=100,31,365800,1000
T4,monolithic,tracks=100,32,365800,1000
T4,monolithic,tracks=100,33,363400,1000
T4,monolithic,tracks=100,34,365600,1000
T4,monolithic,tracks=100,35,363400,1000
T4,monolithic,tracks=100,36,360600,1000
T4,monolithic,tracks=100,37,361200,1000
T4,monolithic,tracks=100,38,363300,1000
T4,monolithic,tracks=100,39,368400,1000
T4,monolithic,tracks=100,40,383000,1000
T4,monolithic,tracks=100,41,383400,1000
T4,monolithic,tracks=100,42,381800,1000
T4,monolithic,tracks=100,43,382400,1000
T4,monolithic,tracks=100,44,369700,1000
T4,monolithic,tracks=100,45,361500,1000
T4,monolithic,tracks=100,46,368900,1000
T4,monolithic,tracks=100,47,365200,1000
T4,monolithic,tracks=100,48,363100,1000
T4,monolithic,tracks=100,49,364300,1000
T4,monolithic,tracks=100,50,358300,1000
T4,monolithic,tracks=100,51,358300,1000
T4,monolithic,tracks=100,52,459400,1000
T4,monolithic,tracks=100,53,377800,1000
T4,monolithic,tracks=100,54,383200,1000
T4,monolithic,tracks=100,55,369500,1000
T4,monolithic,tracks=100,56,361900,1000
T4,monolithic,tracks=100,57,377900,1000
T4,monolithic,tracks=100,58,363700,1000
T4,monolithic,tracks=100,59,362200,1000
T4,monolithic,tracks=100,60,356000,1000
T4,monolithic,tracks=100,61,366900,1000
T4,monolithic,tracks=100,62,357700,1000
T4,monolithic,tracks=100,63,357500,1000
T4,monolithic,tracks=100,64,363100,1000
T4,monolithic,tracks=100,65,358500,1000
T4,monolithic,tracks=100,66,358000,1000
T4,monolithic,tracks=100,67,362300,1000
T4,monolithic,tracks=100,68,358000,1000
T4,monolithic,tracks=100,69,358800,1000
T4,monolithic,tracks=100,70,362800,1000
T4,monolithic,tracks=100,71,358300,1000
T4,monolithic,tracks=100,72,359500,1000
T4,monolithic,tracks=100,73,360800,1000
T4,monolithic,tracks=100,74,356700,1000
T4,monolithic,tracks=100,75,359400,1000
T4,monolithic,tracks=100,76,362600,1000
T4,monolithic,tracks=100,77,358800,1000
T4,monolithic,tracks=100,78,359300,1000
T4,monolithic,tracks=100,79,360100,1000
T4,monolithic,tracks=100,80,356000,1000
T4,monolithic,tracks=100,81,359300,1000
T4,monolithic,tracks=100,82,360700,1000
T4,monolithic,tracks=100,83,358200,1000
T4,monolithic,tracks=100,84,360400,1000
T4,monolithic,tracks=100,85,362000,1000
T4,monolithic,tracks=100,86,362600,1000
T4,monolithic,tracks=100,87,356900,1000
T4,monolithic,tracks=100,88,363800,1000
T4,monolithic,tracks=100,89,357500,1000
T4,monolithic,tracks=100,90,357200,1000
T4,monolithic,tracks=100,91,364500,1000
T4,monolithic,tracks=100,92,359400,1000
T4,monolithic,tracks=100,93,395200,1000
T4,monolithic,tracks=100,94,359800,1000
T4,monolithic,tracks=100,95,358000,1000
T4,monolithic,tracks=100,96,445400,1000
T4,monolithic,tracks=100,97,363900,1000
T4,monolithic,tracks=100,98,361900,1000
T4,monolithic,tracks=100,99,365400,1000
T4,engine,tracks=1000,0,7663800,1000
T4,engine,tracks=1000,1,7593700,1000
T4,engine,tracks=1000,2,7236900,1000
T4,engine,tracks=1000,3,7817700,1000
T4,engine,tracks=1000,4,7577500,1000
T4,engine,tracks=1000,5,7622900,1000
T4,engine,tracks=1000,6,7545300,1000
T4,engine,tracks=1000,7,7463600,1000
T4,engine,tracks=1000,8,7496300,1000
T4,engine,tracks=1000,9,7221200,1000
T4,engine,tracks=1000,10,7320200,1000
T4,engine,tracks=1000,11,7712500,1000
T4,engine,tracks=1000,12,7571900,1000
T4,engine,tracks=1000,13,7507600,1000
T4,engine,tracks=1000,14,7664100,1000
T4,engine,tracks=1000,15,7344500,1000
T4,engine,tracks=1000,16,7446900,1000
T4,engine,tracks=1000,17,7529700,1000
T4,engine,tracks=1000,18,7169300,1000
T4,engine,tracks=1000,19,7533200,1000
T4,engine,tracks=1000,20,7445400,1000
T4,engine,tracks=1000,21,7535900,1000
T4,engine,tracks=1000,22,7523600,1000
T4,engine,tracks=1000,23,7409900,1000
T4,engine,tracks=1000,24,7724200,1000
T4,engine,tracks=1000,25,7497800,1000
T4,engine,tracks=1000,26,7289700,1000
T4,engine,tracks=1000,27,7550600,1000
T4,engine,tracks=1000,28,7664400,1000
T4,engine,tracks=1000,29,7544400,1000
T4,engine,tracks=1000,30,7507300,1000
T4,engine,tracks=1000,31,7414600,1000
T4,engine,tracks=1000,32,7431400,1000
T4,engine,tracks=1000,33,7189900,1000
T4,engine,tracks=1000,34,7467600,1000
T4,engine,tracks=1000,35,7648100,1000
T4,engine,tracks=1000,36,7590900,1000
T4,engine,tracks=1000,37,7464200,1000
T4,engine,tracks=1000,38,7469500,1000
T4,engine,tracks=1000,39,7506800,1000
T4,engine,tracks=1000,40,7388000,1000
T4,engine,tracks=1000,41,7397000,1000
T4,engine,tracks=1000,42,7156600,1000
T4,engine,tracks=1000,43,7524500,1000
T4,engine,tracks=1000,44,7593500,1000
T4,engine,tracks=1000,45,7614500,1000
T4,engine,tracks=1000,46,7541700,1000
T4,engine,tracks=1000,47,7552400,1000
T4,engine,tracks=1000,48,7476900,1000
T4,engine,tracks=1000,49,7123300,1000
T4,engine,tracks=1000,50,7567300,1000
T4,engine,tracks=1000,51,7348000,1000
T4,engine,tracks=1000,52,7762600,1000
T4,engine,tracks=1000,53,7560900,1000
T4,engine,tracks=1000,54,7938800,1000
T4,engine,tracks=1000,55,7986500,1000
T4,engine,tracks=1000,56,7076100,1000
T4,engine,tracks=1000,57,7519000,1000
T4,engine,tracks=1000,58,7676500,1000
T4,engine,tracks=1000,59,7392300,1000
T4,engine,tracks=1000,60,7533000,1000
T4,engine,tracks=1000,61,7631600,1000
T4,engine,tracks=1000,62,7568600,1000
T4,engine,tracks=1000,63,7126400,1000
T4,engine,tracks=1000,64,7425800,1000
T4,engine,tracks=1000,65,7456900,1000
T4,engine,tracks=1000,66,7609400,1000
T4,engine,tracks=1000,67,7519600,1000
T4,engine,tracks=1000,68,7501500,1000
T4,engine,tracks=1000,69,7401900,1000
T4,engine,tracks=1000,70,7451800,1000
T4,engine,tracks=1000,71,7121100,1000
T4,engine,tracks=1000,72,7391100,1000
T4,engine,tracks=1000,73,7487300,1000
T4,engine,tracks=1000,74,7474300,1000
T4,engine,tracks=1000,75,7521300,1000
T4,engine,tracks=1000,76,7481600,1000
T4,engine,tracks=1000,77,7635300,1000
T4,engine,tracks=1000,78,7055400,1000
T4,engine,tracks=1000,79,7443000,1000
T4,engine,tracks=1000,80,7600100,1000
T4,engine,tracks=1000,81,7528600,1000
T4,engine,tracks=1000,82,7537000,1000
T4,engine,tracks=1000,83,7653100,1000
T4,engine,tracks=1000,84,7570900,1000
T4,engine,tracks=1000,85,7333900,1000
T4,engine,tracks=1000,86,7605800,1000
T4,engine,tracks=1000,87,7688300,1000
T4,engine,tracks=1000,88,7466100,1000
T4,engine,tracks=1000,89,8408200,1000
T4,engine,tracks=1000,90,7537300,1000
T4,engine,tracks=1000,91,7463200,1000
T4,engine,tracks=1000,92,7519300,1000
T4,engine,tracks=1000,93,7643900,1000
T4,engine,tracks=1000,94,7535300,1000
T4,engine,tracks=1000,95,7574100,1000
T4,engine,tracks=1000,96,7426600,1000
T4,engine,tracks=1000,97,7209300,1000
T4,engine,tracks=1000,98,7578100,1000
T4,engine,tracks=1000,99,7538100,1000
T4,monolithic,tracks=1000,0,5542500,1000
T4,monolithic,tracks=1000,1,5568600,1000
T4,monolithic,tracks=1000,2,5548800,1000
T4,monolithic,tracks=1000,3,5544700,1000
T4,monolithic,tracks=1000,4,5521200,1000
T4,monolithic,tracks=1000,5,5590100,1000
T4,monolithic,tracks=1000,6,5565000,1000
T4,monolithic,tracks=1000,7,5549600,1000
T4,monolithic,tracks=1000,8,5595200,1000
T4,monolithic,tracks=1000,9,5481300,1000
T4,monolithic,tracks=1000,10,5482600,1000
T4,monolithic,tracks=1000,11,5738900,1000
T4,monolithic,tracks=1000,12,5535200,1000
T4,monolithic,tracks=1000,13,7228700,1000
T4,monolithic,tracks=1000,14,5547600,1000
T4,monolithic,tracks=1000,15,5461000,1000
T4,monolithic,tracks=1000,16,5959300,1000
T4,monolithic,tracks=1000,17,5474900,1000
T4,monolithic,tracks=1000,18,5497100,1000
T4,monolithic,tracks=1000,19,5708300,1000
T4,monolithic,tracks=1000,20,5486700,1000
T4,monolithic,tracks=1000,21,5550600,1000
T4,monolithic,tracks=1000,22,5650900,1000
T4,monolithic,tracks=1000,23,5521900,1000
T4,monolithic,tracks=1000,24,5615400,1000
T4,monolithic,tracks=1000,25,5592400,1000
T4,monolithic,tracks=1000,26,5624400,1000
T4,monolithic,tracks=1000,27,5713200,1000
T4,monolithic,tracks=1000,28,5632200,1000
T4,monolithic,tracks=1000,29,5586800,1000
T4,monolithic,tracks=1000,30,5697700,1000
T4,monolithic,tracks=1000,31,5642200,1000
T4,monolithic,tracks=1000,32,5618200,1000
T4,monolithic,tracks=1000,33,5683600,1000
T4,monolithic,tracks=1000,34,5586200,1000
T4,monolithic,tracks=1000,35,5747500,1000
T4,monolithic,tracks=1000,36,5520300,1000
T4,monolithic,tracks=1000,37,5503500,1000
T4,monolithic,tracks=1000,38,5560600,1000
T4,monolithic,tracks=1000,39,5484700,1000
T4,monolithic,tracks=1000,40,5561200,1000
T4,monolithic,tracks=1000,41,5495700,1000
T4,monolithic,tracks=1000,42,5503000,1000
T4,monolithic,tracks=1000,43,5543500,1000
T4,monolithic,tracks=1000,44,5745200,1000
T4,monolithic,tracks=1000,45,5460400,1000
T4,monolithic,tracks=1000,46,5500700,1000
T4,monolithic,tracks=1000,47,5486200,1000
T4,monolithic,tracks=1000,48,5489900,1000
T4,monolithic,tracks=1000,49,5556500,1000
T4,monolithic,tracks=1000,50,5574100,1000
T4,monolithic,tracks=1000,51,5507600,1000
T4,monolithic,tracks=1000,52,5469100,1000
T4,monolithic,tracks=1000,53,5734200,1000
T4,monolithic,tracks=1000,54,5942000,1000
T4,monolithic,tracks=1000,55,5526200,1000
T4,monolithic,tracks=1000,56,5572000,1000
T4,monolithic,tracks=1000,57,5743000,1000
T4,monolithic,tracks=1000,58,5598900,1000
T4,monolithic,tracks=1000,59,5588200,1000
T4,monolithic,tracks=1000,60,5481900,1000
T4,monolithic,tracks=1000,61,6064900,1000
T4,monolithic,tracks=1000,62,5506100,1000
T4,monolithic,tracks=1000,63,5492700,1000
T4,monolithic,tracks=1000,64,5689200,1000
T4,monolithic,tracks=1000,65,5530600,1000
T4,monolithic,tracks=1000,66,5485100,1000
T4,monolithic,tracks=1000,67,5689100,1000
T4,monolithic,tracks=1000,68,5435900,1000
T4,monolithic,tracks=1000,69,5647800,1000
T4,monolithic,tracks=1000,70,5533800,1000
T4,monolithic,tracks=1000,71,5484200,1000
T4,monolithic,tracks=1000,72,5717200,1000
T4,monolithic,tracks=1000,73,5485100,1000
T4,monolithic,tracks=1000,74,5481000,1000
T4,monolithic,tracks=1000,75,5493000,1000
T4,monolithic,tracks=1000,76,5503500,1000
T4,monolithic,tracks=1000,77,5479200,1000
T4,monolithic,tracks=1000,78,5584400,1000
T4,monolithic,tracks=1000,79,5549000,1000
T4,monolithic,tracks=1000,80,5559400,1000
T4,monolithic,tracks=1000,81,6206800,1000
T4,monolithic,tracks=1000,82,5509200,1000
T4,monolithic,tracks=1000,83,5729200,1000
T4,monolithic,tracks=1000,84,5477100,1000
T4,monolithic,tracks=1000,85,5426900,1000
T4,monolithic,tracks=1000,86,5849400,1000
T4,monolithic,tracks=1000,87,5641600,1000
T4,monolithic,tracks=1000,88,5475700,1000
T4,monolithic,tracks=1000,89,5607400,1000
T4,monolithic,tracks=1000,90,5512000,1000
T4,monolithic,tracks=1000,91,5574300,1000
T4,monolithic,tracks=1000,92,5880800,1000
T4,monolithic,tracks=1000,93,5498000,1000
T4,monolithic,tracks=1000,94,5540500,1000
T4,monolithic,tracks=1000,95,5723700,1000
T4,monolithic,tracks=1000,96,5544200,1000
T4,monolithic,tracks=1000,97,5569300,1000
T4,monolithic,tracks=1000,98,5648500,1000
T4,monolithic,tracks=1000,99,5531100,1000
T4,engine,tracks=10000,0,77875400,1000
T4,engine,tracks=10000,1,77015500,1000
T4,engine,tracks=10000,2,76901100,1000
T4,engine,tracks=10000,3,76376700,1000
T4,engine,tracks=10000,4,76723500,1000
T4,engine,tracks=10000,5,77475600,1000
T4,engine,tracks=10000,6,77856800,1000
T4,engine,tracks=10000,7,76460200,1000
T4,engine,tracks=10000,8,78360600,1000
T4,engine,tracks=10000,9,77946700,1000
T4,engine,tracks=10000,10,82234800,1000
T4,engine,tracks=10000,11,77402200,1000
T4,engine,tracks=10000,12,76408000,1000
T4,engine,tracks=10000,13,76445300,1000
T4,engine,tracks=10000,14,76621000,1000
T4,engine,tracks=10000,15,77363200,1000
T4,engine,tracks=10000,16,77349500,1000
T4,engine,tracks=10000,17,76648900,1000
T4,engine,tracks=10000,18,76569700,1000
T4,engine,tracks=10000,19,77946600,1000
T4,engine,tracks=10000,20,79732700,1000
T4,engine,tracks=10000,21,79064300,1000
T4,engine,tracks=10000,22,79897900,1000
T4,engine,tracks=10000,23,80164300,1000
T4,engine,tracks=10000,24,79101900,1000
T4,engine,tracks=10000,25,79394200,1000
T4,engine,tracks=10000,26,77671300,1000
T4,engine,tracks=10000,27,80234600,1000
T4,engine,tracks=10000,28,80526700,1000
T4,engine,tracks=10000,29,81427500,1000
T4,engine,tracks=10000,30,78419000,1000
T4,engine,tracks=10000,31,77680500,1000
T4,engine,tracks=10000,32,77979400,1000
T4,engine,tracks=10000,33,78752200,1000
T4,engine,tracks=10000,34,79795200,1000
T4,engine,tracks=10000,35,78092000,1000
T4,engine,tracks=10000,36,78582400,1000
T4,engine,tracks=10000,37,78767300,1000
T4,engine,tracks=10000,38,78194900,1000
T4,engine,tracks=10000,39,78229700,1000
T4,engine,tracks=10000,40,76204300,1000
T4,engine,tracks=10000,41,78947500,1000
T4,engine,tracks=10000,42,78071900,1000
T4,engine,tracks=10000,43,78384200,1000
T4,engine,tracks=10000,44,76994900,1000
T4,engine,tracks=10000,45,78344700,1000
T4,engine,tracks=10000,46,79003700,1000
T4,engine,tracks=10000,47,77773300,1000
T4,engine,tracks=10000,48,78667800,1000
T4,engine,tracks=10000,49,77481800,1000
T4,engine,tracks=10000,50,77876200,1000
T4,engine,tracks=10000,51,76930700,1000
T4,engine,tracks=10000,52,77583400,1000
T4,engine,tracks=10000,53,78835700,1000
T4,engine,tracks=10000,54,78280400,1000
T4,engine,tracks=10000,55,77421200,1000
T4,engine,tracks=10000,56,78472700,1000
T4,engine,tracks=10000,57,77868600,1000
T4,engine,tracks=10000,58,77715600,1000
T4,engine,tracks=10000,59,77702000,1000
T4,engine,tracks=10000,60,77475300,1000
T4,engine,tracks=10000,61,77585800,1000
T4,engine,tracks=10000,62,75067900,1000
T4,engine,tracks=10000,63,76102800,1000
T4,engine,tracks=10000,64,76576800,1000
T4,engine,tracks=10000,65,77065100,1000
T4,engine,tracks=10000,66,77010700,1000
T4,engine,tracks=10000,67,76513000,1000
T4,engine,tracks=10000,68,77062400,1000
T4,engine,tracks=10000,69,77823500,1000
T4,engine,tracks=10000,70,77288500,1000
T4,engine,tracks=10000,71,77672100,1000
T4,engine,tracks=10000,72,81547100,1000
T4,engine,tracks=10000,73,79748300,1000
T4,engine,tracks=10000,74,79481500,1000
T4,engine,tracks=10000,75,78335100,1000
T4,engine,tracks=10000,76,76957300,1000
T4,engine,tracks=10000,77,76916200,1000
T4,engine,tracks=10000,78,76499100,1000
T4,engine,tracks=10000,79,77165700,1000
T4,engine,tracks=10000,80,78250700,1000
T4,engine,tracks=10000,81,79068600,1000
T4,engine,tracks=10000,82,78372100,1000
T4,engine,tracks=10000,83,77190400,1000
T4,engine,tracks=10000,84,77062700,1000
T4,engine,tracks=10000,85,78532400,1000
T4,engine,tracks=10000,86,76547000,1000
T4,engine,tracks=10000,87,76914500,1000
T4,engine,tracks=10000,88,76278000,1000
T4,engine,tracks=10000,89,77831900,1000
T4,engine,tracks=10000,90,77212100,1000
T4,engine,tracks=10000,91,76549900,1000
T4,engine,tracks=10000,92,77854700,1000
T4,engine,tracks=10000,93,77037600,1000
T4,engine,tracks=10000,94,76655300,1000
T4,engine,tracks=10000,95,76644600,1000
T4,engine,tracks=10000,96,79610900,1000
T4,engine,tracks=10000,97,79045900,1000
T4,engine,tracks=10000,98,78349000,1000
T4,engine,tracks=10000,99,77745800,1000
T4,monolithic,tracks=10000,0,75009100,1000
T4,monolithic,tracks=10000,1,75615700,1000
T4,monolithic,tracks=10000,2,75789500,1000
T4,monolithic,tracks=10000,3,75105600,1000
T4,monolithic,tracks=10000,4,76249300,1000
T4,monolithic,tracks=10000,5,75557800,1000
T4,monolithic,tracks=10000,6,75517600,1000
T4,monolithic,tracks=10000,7,74788200,1000
T4,monolithic,tracks=10000,8,75339100,1000
T4,monolithic,tracks=10000,9,73507300,1000
T4,monolithic,tracks=10000,10,73882000,1000
T4,monolithic,tracks=10000,11,73660500,1000
T4,monolithic,tracks=10000,12,75549600,1000
T4,monolithic,tracks=10000,13,74322800,1000
T4,monolithic,tracks=10000,14,74464000,1000
T4,monolithic,tracks=10000,15,74915400,1000
T4,monolithic,tracks=10000,16,74536300,1000
T4,monolithic,tracks=10000,17,73779900,1000
T4,monolithic,tracks=10000,18,74215200,1000
T4,monolithic,tracks=10000,19,74456200,1000
T4,monolithic,tracks=10000,20,75193200,1000
T4,monolithic,tracks=10000,21,74241200,1000
T4,monolithic,tracks=10000,22,73467100,1000
T4,monolithic,tracks=10000,23,73778300,1000
T4,monolithic,tracks=10000,24,73389700,1000
T4,monolithic,tracks=10000,25,74072800,1000
T4,monolithic,tracks=10000,26,74786800,1000
T4,monolithic,tracks=10000,27,74652900,1000
T4,monolithic,tracks=10000,28,74091000,1000
T4,monolithic,tracks=10000,29,73965200,1000
T4,monolithic,tracks=10000,30,73109000,1000
T4,monolithic,tracks=10000,31,73784300,1000
T4,monolithic,tracks=10000,32,74142800,1000
T4,monolithic,tracks=10000,33,74814300,1000
T4,monolithic,tracks=10000,34,73727800,1000
T4,monolithic,tracks=10000,35,73831100,1000
T4,monolithic,tracks=10000,36,73261000,1000
T4,monolithic,tracks=10000,37,73663000,1000
T4,monolithic,tracks=10000,38,73907300,1000
T4,monolithic,tracks=10000,39,73761000,1000
T4,monolithic,tracks=10000,40,74290900,1000
T4,monolithic,tracks=10000,41,74565900,1000
T4,monolithic,tracks=10000,42,74709700,1000
T4,monolithic,tracks=10000,43,73832200,1000
T4,monolithic,tracks=10000,44,73742400,1000
T4,monolithic,tracks=10000,45,73297900,1000
T4,monolithic,tracks=10000,46,73981800,1000
T4,monolithic,tracks=10000,47,73052400,1000
T4,monolithic,tracks=10000,48,73524100,1000
T4,monolithic,tracks=10000,49,73746700,1000
T4,monolithic,tracks=10000,50,74277300,1000
T4,monolithic,tracks=10000,51,74166600,1000
T4,monolithic,tracks=10000,52,74081100,1000
T4,monolithic,tracks=10000,53,73596700,1000
T4,monolithic,tracks=10000,54,74024400,1000
T4,monolithic,tracks=10000,55,74403000,1000
T4,monolithic,tracks=10000,56,73195900,1000
T4,monolithic,tracks=10000,57,73850500,1000
T4,monolithic,tracks=10000,58,73813800,1000
T4,monolithic,tracks=10000,59,73551200,1000
T4,monolithic,tracks=10000,60,73862700,1000
T4,monolithic,tracks=10000,61,74370700,1000
T4,monolithic,tracks=10000,62,74154900,1000
T4,monolithic,tracks=10000,63,73733400,1000
T4,monolithic,tracks=10000,64,74821500,1000
T4,monolithic,tracks=10000,65,74250100,1000
T4,monolithic,tracks=10000,66,73729000,1000
T4,monolithic,tracks=10000,67,73915100,1000
T4,monolithic,tracks=10000,68,73349100,1000
T4,monolithic,tracks=10000,69,73528500,1000
T4,monolithic,tracks=10000,70,74227500,1000
T4,monolithic,tracks=10000,71,73998100,1000
T4,monolithic,tracks=10000,72,74169200,1000
T4,monolithic,tracks=10000,73,74367000,1000
T4,monolithic,tracks=10000,74,73929200,1000
T4,monolithic,tracks=10000,75,73621600,1000
T4,monolithic,tracks=10000,76,73942100,1000
T4,monolithic,tracks=10000,77,73773400,1000
T4,monolithic,tracks=10000,78,73748200,1000
T4,monolithic,tracks=10000,79,73679300,1000
T4,monolithic,tracks=10000,80,73020600,1000
T4,monolithic,tracks=10000,81,72960900,1000
T4,monolithic,tracks=10000,82,73941200,1000
T4,monolithic,tracks=10000,83,74147000,1000
T4,monolithic,tracks=10000,84,73295100,1000
T4,monolithic,tracks=10000,85,73747900,1000
T4,monolithic,tracks=10000,86,74710400,1000
T4,monolithic,tracks=10000,87,73935900,1000
T4,monolithic,tracks=10000,88,74153800,1000
T4,monolithic,tracks=10000,89,73322000,1000
T4,monolithic,tracks=10000,90,72960900,1000
T4,monolithic,tracks=10000,91,73186200,1000
T4,monolithic,tracks=10000,92,73715400,1000
T4,monolithic,tracks=10000,93,73240300,1000
T4,monolithic,tracks=10000,94,74934500,1000
T4,monolithic,tracks=10000,95,72964000,1000
T4,monolithic,tracks=10000,96,74331500,1000
T4,monolithic,tracks=10000,97,73774100,1000
T4,monolithic,tracks=10000,98,73722200,1000
T4,monolithic,tracks=10000,99,74451200,1000
